ticker,tier,beta,capm_pct,trading_cost_pct,liquidity_premium_low_bp,liquidity_premium_bp,liquidity_premium_high_bp,total_cost_of_equity_pct,assumed_risk_free,assumed_market_premium,assumed_k_bp_per_pct
MMM,sp500,0.858,8.49,1.609,32.0,129.0,322.0,9.78,0.042,0.05,80.0
AOS,sp500,0.9536,8.97,2.114,42.0,169.0,423.0,10.66,0.042,0.05,80.0
ABT,sp500,0.8488,8.44,1.708,34.0,137.0,342.0,9.81,0.042,0.05,80.0
ABBV,sp500,0.7295,7.85,2.121,42.0,170.0,424.0,9.54,0.042,0.05,80.0
ACN,sp500,1.0753,9.58,1.692,34.0,135.0,338.0,10.93,0.042,0.05,80.0
ADBE,sp500,1.2838,10.62,2.232,45.0,179.0,446.0,12.4,0.042,0.05,80.0
AMD,sp500,1.6712,12.56,4.157,83.0,333.0,831.0,15.88,0.042,0.05,80.0
AES,sp500,1.0424,9.41,2.471,49.0,198.0,494.0,11.39,0.042,0.05,80.0
AFL,sp500,0.9623,9.01,1.696,34.0,136.0,339.0,10.37,0.042,0.05,80.0
A,sp500,1.0724,9.56,2.004,40.0,160.0,401.0,11.17,0.042,0.05,80.0
APD,sp500,0.9313,8.86,1.723,34.0,138.0,345.0,10.23,0.042,0.05,80.0
ABNB,sp500,1.584,12.12,3.836,77.0,307.0,767.0,15.19,0.042,0.05,80.0
AKAM,sp500,0.9156,8.78,2.179,44.0,174.0,436.0,10.52,0.042,0.05,80.0
ALB,sp500,1.3319,10.86,2.979,60.0,238.0,596.0,13.24,0.042,0.05,80.0
ARE,sp500,0.8697,8.55,1.889,38.0,151.0,378.0,10.06,0.042,0.05,80.0
ALGN,sp500,1.5028,11.71,3.184,64.0,255.0,637.0,14.26,0.042,0.05,80.0
ALLE,sp500,1.0221,9.31,2.089,42.0,167.0,418.0,10.98,0.042,0.05,80.0
LNT,sp500,0.5644,7.02,1.685,34.0,135.0,337.0,8.37,0.042,0.05,80.0
ALL,sp500,0.8117,8.26,1.699,34.0,136.0,340.0,9.62,0.042,0.05,80.0
GOOGL,sp500,1.1433,9.92,1.93,39.0,154.0,386.0,11.46,0.042,0.05,80.0
GOOG,sp500,1.1411,9.91,1.908,38.0,153.0,382.0,11.43,0.042,0.05,80.0
MO,sp500,0.5762,7.08,1.637,33.0,131.0,328.0,8.39,0.042,0.05,80.0
AMZN,sp500,1.1775,10.09,2.291,46.0,183.0,458.0,11.92,0.042,0.05,80.0
AMCR,sp500,0.5858,7.13,0.954,19.0,76.0,191.0,7.89,0.042,0.05,80.0
AEE,sp500,0.5886,7.14,1.69,34.0,135.0,338.0,8.5,0.042,0.05,80.0
AEP,sp500,0.506,6.73,1.65,33.0,132.0,330.0,8.05,0.042,0.05,80.0
AXP,sp500,1.2096,10.25,1.848,37.0,148.0,370.0,11.73,0.042,0.05,80.0
AIG,sp500,1.221,10.3,2.136,43.0,171.0,427.0,12.01,0.042,0.05,80.0
AMT,sp500,0.7775,8.09,1.907,38.0,153.0,381.0,9.61,0.042,0.05,80.0
AWK,sp500,0.6288,7.34,1.757,35.0,141.0,351.0,8.75,0.042,0.05,80.0
AMP,sp500,1.5234,11.82,2.114,42.0,169.0,423.0,13.51,0.042,0.05,80.0
AME,sp500,1.0699,9.55,1.725,34.0,138.0,345.0,10.93,0.042,0.05,80.0
AMGN,sp500,0.8046,8.22,2.004,40.0,160.0,401.0,9.83,0.042,0.05,80.0
APH,sp500,1.1083,9.74,1.712,34.0,137.0,342.0,11.11,0.042,0.05,80.0
ADI,sp500,1.2735,10.57,2.151,43.0,172.0,430.0,12.29,0.042,0.05,80.0
AON,sp500,0.8111,8.26,1.654,33.0,132.0,331.0,9.58,0.042,0.05,80.0
APA,sp500,1.5457,11.93,3.577,72.0,286.0,715.0,14.79,0.042,0.05,80.0
APO,sp500,1.3368,10.88,2.939,59.0,235.0,588.0,13.24,0.042,0.05,80.0
AAPL,sp500,1.1736,10.07,1.976,40.0,158.0,395.0,11.65,0.042,0.05,80.0
AMAT,sp500,1.5792,12.1,2.695,54.0,216.0,539.0,14.25,0.042,0.05,80.0
APP,sp500,2.1523,14.96,5.459,109.0,437.0,1092.0,19.33,0.042,0.05,80.0
APTV,sp500,1.4276,11.34,2.59,52.0,207.0,518.0,13.41,0.042,0.05,80.0
ACGL,sp500,0.8612,8.51,1.832,37.0,147.0,366.0,9.97,0.042,0.05,80.0
ADM,sp500,0.845,8.43,1.918,38.0,153.0,384.0,9.96,0.042,0.05,80.0
ARES,sp500,1.135,9.88,2.894,58.0,232.0,579.0,12.19,0.042,0.05,80.0
ANET,sp500,1.2871,10.64,3.101,62.0,248.0,620.0,13.12,0.042,0.05,80.0
AJG,sp500,0.826,8.33,1.582,32.0,127.0,316.0,9.6,0.042,0.05,80.0
AIZ,sp500,0.8558,8.48,1.887,38.0,151.0,377.0,9.99,0.042,0.05,80.0
T,sp500,0.6282,7.34,1.562,31.0,125.0,312.0,8.59,0.042,0.05,80.0
ATO,sp500,0.5917,7.16,1.699,34.0,136.0,340.0,8.52,0.042,0.05,80.0
ADSK,sp500,1.4135,11.27,2.599,52.0,208.0,520.0,13.35,0.042,0.05,80.0
ADP,sp500,0.9903,9.15,1.629,33.0,130.0,326.0,10.45,0.042,0.05,80.0
AZO,sp500,0.6937,7.67,1.972,39.0,158.0,394.0,9.25,0.042,0.05,80.0
AVY,sp500,1.0196,9.3,1.929,39.0,154.0,386.0,10.84,0.042,0.05,80.0
AXON,sp500,1.1888,10.14,3.656,73.0,293.0,731.0,13.07,0.042,0.05,80.0
BKR,sp500,1.1647,10.02,2.954,59.0,236.0,591.0,12.39,0.042,0.05,80.0
BALL,sp500,0.8375,8.39,1.97,39.0,158.0,394.0,9.96,0.042,0.05,80.0
BAC,sp500,1.2811,10.61,2.186,44.0,175.0,437.0,12.35,0.042,0.05,80.0
BAX,sp500,0.719,7.8,1.791,36.0,143.0,358.0,9.23,0.042,0.05,80.0
BDX,sp500,0.6385,7.39,1.651,33.0,132.0,330.0,8.71,0.042,0.05,80.0
BRK-B,sp500,0.8727,8.56,1.325,27.0,106.0,265.0,9.62,0.042,0.05,80.0
BBY,sp500,1.1138,9.77,2.826,57.0,226.0,565.0,12.03,0.042,0.05,80.0
TECH,sp500,0.9196,8.8,2.486,50.0,199.0,497.0,10.79,0.042,0.05,80.0
BIIB,sp500,0.9371,8.89,2.561,51.0,205.0,512.0,10.93,0.042,0.05,80.0
BLK,sp500,1.2568,10.48,1.928,39.0,154.0,386.0,12.03,0.042,0.05,80.0
BX,sp500,1.411,11.26,2.692,54.0,215.0,538.0,13.41,0.042,0.05,80.0
XYZ,sp500,1.927,13.84,4.395,88.0,352.0,879.0,17.35,0.042,0.05,80.0
BNY,sp500,1.0725,9.56,1.923,38.0,154.0,385.0,11.1,0.042,0.05,80.0
BA,sp500,1.3467,10.93,2.377,48.0,190.0,475.0,12.84,0.042,0.05,80.0
BKNG,sp500,1.1578,9.99,2.243,45.0,179.0,449.0,11.78,0.042,0.05,80.0
BSX,sp500,0.9716,9.06,2.11,42.0,169.0,422.0,10.75,0.042,0.05,80.0
BMY,sp500,0.6095,7.25,1.899,38.0,152.0,380.0,8.77,0.042,0.05,80.0
AVGO,sp500,1.4118,11.26,2.589,52.0,207.0,518.0,13.33,0.042,0.05,80.0
BR,sp500,0.8745,8.57,1.732,35.0,139.0,346.0,9.96,0.042,0.05,80.0
BRO,sp500,0.8452,8.43,1.656,33.0,132.0,331.0,9.75,0.042,0.05,80.0
BF-B,sp500,0.7522,7.96,1.84,37.0,147.0,368.0,9.43,0.042,0.05,80.0
BLDR,sp500,1.6307,12.35,3.961,79.0,317.0,792.0,15.52,0.042,0.05,80.0
BG,sp500,0.7621,8.01,2.183,44.0,175.0,437.0,9.76,0.042,0.05,80.0
BXP,sp500,0.992,9.16,2.111,42.0,169.0,422.0,10.85,0.042,0.05,80.0
CHRW,sp500,0.6696,7.55,2.011,40.0,161.0,402.0,9.16,0.042,0.05,80.0
CDNS,sp500,1.2143,10.27,2.301,46.0,184.0,460.0,12.11,0.042,0.05,80.0
CPT,sp500,0.7569,7.98,1.881,38.0,151.0,376.0,9.49,0.042,0.05,80.0
COF,sp500,1.3761,11.08,2.261,45.0,181.0,452.0,12.89,0.042,0.05,80.0
CAH,sp500,0.7864,8.13,2.034,41.0,163.0,407.0,9.76,0.042,0.05,80.0
CCL,sp500,1.6549,12.47,3.023,60.0,242.0,605.0,14.89,0.042,0.05,80.0
CARR,sp500,1.0854,9.63,2.78,56.0,222.0,556.0,11.85,0.042,0.05,80.0
CVNA,sp500,2.3246,15.82,7.568,151.0,605.0,1514.0,21.88,0.042,0.05,80.0
CASY,sp500,0.712,7.76,2.189,44.0,175.0,438.0,9.51,0.042,0.05,80.0
CAT,sp500,1.0882,9.64,2.103,42.0,168.0,421.0,11.32,0.042,0.05,80.0
CBOE,sp500,0.557,6.99,2.106,42.0,168.0,421.0,8.67,0.042,0.05,80.0
CBRE,sp500,1.2931,10.67,2.302,46.0,184.0,460.0,12.51,0.042,0.05,80.0
CDW,sp500,1.1149,9.77,2.204,44.0,176.0,441.0,11.54,0.042,0.05,80.0
COR,sp500,0.7038,7.72,1.995,40.0,160.0,399.0,9.32,0.042,0.05,80.0
CNC,sp500,0.929,8.85,2.676,54.0,214.0,535.0,10.99,0.042,0.05,80.0
CNP,sp500,0.8226,8.31,1.886,38.0,151.0,377.0,9.82,0.042,0.05,80.0
CF,sp500,1.038,9.39,3.132,63.0,251.0,626.0,11.9,0.042,0.05,80.0
CRL,sp500,1.1568,9.98,2.47,49.0,198.0,494.0,11.96,0.042,0.05,80.0
SCHW,sp500,1.2234,10.32,2.444,49.0,196.0,489.0,12.27,0.042,0.05,80.0
CHTR,sp500,0.8515,8.46,2.451,49.0,196.0,490.0,10.42,0.042,0.05,80.0
CVX,sp500,1.0027,9.21,1.853,37.0,148.0,371.0,10.7,0.042,0.05,80.0
CMG,sp500,0.9179,8.79,2.382,48.0,191.0,476.0,10.7,0.042,0.05,80.0
CB,sp500,0.8237,8.32,1.631,33.0,131.0,326.0,9.62,0.042,0.05,80.0
CHD,sp500,0.4513,6.46,1.637,33.0,131.0,327.0,7.77,0.042,0.05,80.0
CIEN,sp500,1.2087,10.24,2.856,57.0,228.0,571.0,12.53,0.042,0.05,80.0
CI,sp500,0.8785,8.59,2.166,43.0,173.0,433.0,10.33,0.042,0.05,80.0
CINF,sp500,0.9636,9.02,1.796,36.0,144.0,359.0,10.45,0.042,0.05,80.0
CTAS,sp500,1.0539,9.47,1.731,35.0,138.0,346.0,10.85,0.042,0.05,80.0
CSCO,sp500,0.9836,9.12,1.734,35.0,139.0,347.0,10.51,0.042,0.05,80.0
C,sp500,1.3717,11.06,2.2,44.0,176.0,440.0,12.82,0.042,0.05,80.0
CFG,sp500,1.3503,10.95,2.725,55.0,218.0,545.0,13.13,0.042,0.05,80.0
CLX,sp500,0.3523,5.96,1.665,33.0,133.0,333.0,7.29,0.042,0.05,80.0
CME,sp500,0.7435,7.92,1.887,38.0,151.0,377.0,9.43,0.042,0.05,80.0
CMS,sp500,0.5123,6.76,1.651,33.0,132.0,330.0,8.08,0.042,0.05,80.0
KO,sp500,0.6042,7.22,1.32,26.0,106.0,264.0,8.28,0.042,0.05,80.0
CTSH,sp500,1.0971,9.69,1.963,39.0,157.0,393.0,11.26,0.042,0.05,80.0
COHR,sp500,1.4128,11.26,3.466,69.0,277.0,693.0,14.04,0.042,0.05,80.0
COIN,sp500,2.8047,18.22,7.02,140.0,562.0,1404.0,23.84,0.042,0.05,80.0
CL,sp500,0.5533,6.97,1.413,28.0,113.0,283.0,8.1,0.042,0.05,80.0
CMCSA,sp500,0.8799,8.6,1.948,39.0,156.0,390.0,10.16,0.042,0.05,80.0
FIX,sp500,1.2478,10.44,2.797,56.0,224.0,559.0,12.68,0.042,0.05,80.0
COP,sp500,1.1395,9.9,2.449,49.0,196.0,490.0,11.86,0.042,0.05,80.0
ED,sp500,0.4221,6.31,1.587,32.0,127.0,317.0,7.58,0.042,0.05,80.0
STZ,sp500,0.8002,8.2,1.898,38.0,152.0,380.0,9.72,0.042,0.05,80.0
CEG,sp500,1.026,9.33,3.379,68.0,270.0,676.0,12.03,0.042,0.05,80.0
COO,sp500,0.8883,8.64,2.075,42.0,166.0,415.0,10.3,0.042,0.05,80.0
CPRT,sp500,1.0036,9.22,2.004,40.0,160.0,401.0,10.82,0.042,0.05,80.0
GLW,sp500,1.1758,10.08,2.02,40.0,162.0,404.0,11.69,0.042,0.05,80.0
CPAY,sp500,1.1419,9.91,2.304,46.0,184.0,461.0,11.75,0.042,0.05,80.0
CTVA,sp500,0.9234,8.82,2.614,52.0,209.0,523.0,10.91,0.042,0.05,80.0
CSGP,sp500,1.0719,9.56,2.549,51.0,204.0,510.0,11.6,0.042,0.05,80.0
COST,sp500,0.7307,7.85,1.57,31.0,126.0,314.0,9.11,0.042,0.05,80.0
CRH,sp500,1.1994,10.2,1.603,32.0,128.0,321.0,11.48,0.042,0.05,80.0
CRWD,sp500,1.2363,10.38,4.649,93.0,372.0,930.0,14.1,0.042,0.05,80.0
CCI,sp500,0.7319,7.86,1.88,38.0,150.0,376.0,9.36,0.042,0.05,80.0
CSX,sp500,1.0745,9.57,2.038,41.0,163.0,408.0,11.2,0.042,0.05,80.0
CMI,sp500,1.0033,9.22,2.103,42.0,168.0,421.0,10.9,0.042,0.05,80.0
CVS,sp500,0.7338,7.87,1.908,38.0,153.0,382.0,9.4,0.042,0.05,80.0
DHR,sp500,0.8778,8.59,1.719,34.0,138.0,344.0,9.96,0.042,0.05,80.0
DRI,sp500,1.0991,9.7,2.195,44.0,176.0,439.0,11.45,0.042,0.05,80.0
DDOG,sp500,1.3403,10.9,4.835,97.0,387.0,967.0,14.77,0.042,0.05,80.0
DVA,sp500,0.7309,7.85,2.13,43.0,170.0,426.0,9.56,0.042,0.05,80.0
DECK,sp500,1.1711,10.06,3.142,63.0,251.0,628.0,12.57,0.042,0.05,80.0
DE,sp500,0.9888,9.14,2.027,41.0,162.0,405.0,10.77,0.042,0.05,80.0
DELL,sp500,1.1678,10.04,2.689,54.0,215.0,538.0,12.19,0.042,0.05,80.0
DAL,sp500,1.2887,10.64,2.98,60.0,238.0,596.0,13.03,0.042,0.05,80.0
DVN,sp500,1.4486,11.44,3.383,68.0,271.0,677.0,14.15,0.042,0.05,80.0
DXCM,sp500,1.0854,9.63,3.53,71.0,282.0,706.0,12.45,0.042,0.05,80.0
FANG,sp500,1.3133,10.77,3.793,76.0,303.0,759.0,13.8,0.042,0.05,80.0
DLR,sp500,0.7653,8.03,2.134,43.0,171.0,427.0,9.73,0.042,0.05,80.0
DG,sp500,0.576,7.08,2.059,41.0,165.0,412.0,8.73,0.042,0.05,80.0
AA,sp400,1.5364,11.88,3.667,73.0,293.0,733.0,14.82,0.042,0.05,80.0
AAL,sp400,1.3838,11.12,3.693,74.0,295.0,739.0,14.07,0.042,0.05,80.0
AAON,sp400,1.0143,9.27,2.949,59.0,236.0,590.0,11.63,0.042,0.05,80.0
ACI,sp400,0.4,6.2,2.477,50.0,198.0,495.0,8.18,0.042,0.05,80.0
ACM,sp400,1.2041,10.22,2.383,48.0,191.0,477.0,12.13,0.042,0.05,80.0
ADC,sp400,0.6519,7.46,1.934,39.0,155.0,387.0,9.01,0.042,0.05,80.0
AEIS,sp400,1.5297,11.85,3.245,65.0,260.0,649.0,14.44,0.042,0.05,80.0
AFG,sp400,1.0255,9.33,1.727,35.0,138.0,345.0,10.71,0.042,0.05,80.0
AGCO,sp400,1.1127,9.76,2.476,50.0,198.0,495.0,11.74,0.042,0.05,80.0
AIT,sp400,1.1199,9.8,2.251,45.0,180.0,450.0,11.6,0.042,0.05,80.0
ALGM,sp400,1.7156,12.78,4.134,83.0,331.0,827.0,16.09,0.042,0.05,80.0
ALK,sp400,1.2526,10.46,2.891,58.0,231.0,578.0,12.78,0.042,0.05,80.0
ALLY,sp400,1.3781,11.09,2.698,54.0,216.0,540.0,13.25,0.042,0.05,80.0
ALSN,sp400,0.8773,8.59,2.322,46.0,186.0,464.0,10.44,0.042,0.05,80.0
ALV,sp400,1.1821,10.11,1.966,39.0,157.0,393.0,11.68,0.042,0.05,80.0
AM,sp400,0.8743,8.57,3.559,71.0,285.0,712.0,11.42,0.042,0.05,80.0
AMG,sp400,1.3902,11.15,2.366,47.0,189.0,473.0,13.04,0.042,0.05,80.0
AMH,sp400,0.7392,7.9,1.91,38.0,153.0,382.0,9.42,0.042,0.05,80.0
AMKR,sp400,1.6112,12.26,3.592,72.0,287.0,718.0,15.13,0.042,0.05,80.0
AN,sp400,1.0702,9.55,2.718,54.0,217.0,544.0,11.73,0.042,0.05,80.0
ANF,sp400,1.2676,10.54,4.03,81.0,322.0,806.0,13.76,0.042,0.05,80.0
APG,sp400,1.2447,10.42,2.98,60.0,238.0,596.0,12.81,0.042,0.05,80.0
APPF,sp400,1.2086,10.24,3.712,74.0,297.0,742.0,13.21,0.042,0.05,80.0
AR,sp400,1.1258,9.83,4.879,98.0,390.0,976.0,13.73,0.042,0.05,80.0
ARMK,sp400,1.0924,9.66,2.441,49.0,195.0,488.0,11.61,0.042,0.05,80.0
ARW,sp400,1.1817,10.11,2.158,43.0,173.0,432.0,11.83,0.042,0.05,80.0
ARWR,sp400,1.4776,11.59,5.981,120.0,479.0,1196.0,16.37,0.042,0.05,80.0
ASB,sp400,1.1322,9.86,2.407,48.0,193.0,481.0,11.79,0.042,0.05,80.0
ASH,sp400,0.99,9.15,2.023,40.0,162.0,405.0,10.77,0.042,0.05,80.0
ATI,sp400,1.5682,12.04,3.829,77.0,306.0,766.0,15.1,0.042,0.05,80.0
ATR,sp400,0.7429,7.91,1.664,33.0,133.0,333.0,9.25,0.042,0.05,80.0
AVAV,sp400,1.0435,9.42,3.305,66.0,264.0,661.0,12.06,0.042,0.05,80.0
AVNT,sp400,1.429,11.34,2.66,53.0,213.0,532.0,13.47,0.042,0.05,80.0
AVT,sp400,1.1614,10.01,2.235,45.0,179.0,447.0,11.8,0.042,0.05,80.0
AVTR,sp400,1.0695,9.55,3.155,63.0,252.0,631.0,12.07,0.042,0.05,80.0
AXTA,sp400,1.0739,9.57,2.377,48.0,190.0,476.0,11.47,0.042,0.05,80.0
AYI,sp400,1.17,10.05,2.58,52.0,206.0,516.0,12.11,0.042,0.05,80.0
BAH,sp400,0.69,7.65,2.043,41.0,163.0,409.0,9.28,0.042,0.05,80.0
BBWI,sp400,1.2958,10.68,3.199,64.0,256.0,640.0,13.24,0.042,0.05,80.0
BC,sp400,1.3916,11.16,2.817,56.0,225.0,563.0,13.41,0.042,0.05,80.0
BCO,sp400,1.1378,9.89,2.575,52.0,206.0,515.0,11.95,0.042,0.05,80.0
BDC,sp400,1.3774,11.09,2.786,56.0,223.0,557.0,13.32,0.042,0.05,80.0
BHF,sp400,1.7152,12.78,3.372,67.0,270.0,674.0,15.47,0.042,0.05,80.0
BILL,sp400,1.6064,12.23,5.652,113.0,452.0,1130.0,16.75,0.042,0.05,80.0
BIO,sp400,0.8597,8.5,2.269,45.0,181.0,454.0,10.31,0.042,0.05,80.0
BJ,sp400,0.5583,6.99,3.094,62.0,248.0,619.0,9.47,0.042,0.05,80.0
BKH,sp400,0.7915,8.16,1.961,39.0,157.0,392.0,9.73,0.042,0.05,80.0
BMRN,sp400,1.0008,9.2,2.986,60.0,239.0,597.0,11.59,0.042,0.05,80.0
BRKR,sp400,1.1519,9.96,2.816,56.0,225.0,563.0,12.21,0.042,0.05,80.0
BROS,sp400,1.6356,12.38,5.263,105.0,421.0,1053.0,16.59,0.042,0.05,80.0
BRX,sp400,1.0024,9.21,2.375,47.0,190.0,475.0,11.11,0.042,0.05,80.0
BSY,sp400,1.2958,10.68,3.46,69.0,277.0,692.0,13.45,0.042,0.05,80.0
BURL,sp400,1.1251,9.83,3.089,62.0,247.0,618.0,12.3,0.042,0.05,80.0
BWA,sp400,1.1893,10.15,2.544,51.0,204.0,509.0,12.18,0.042,0.05,80.0
BWXT,sp400,0.7438,7.92,2.028,41.0,162.0,406.0,9.54,0.042,0.05,80.0
BYD,sp400,1.5459,11.93,3.335,67.0,267.0,667.0,14.6,0.042,0.05,80.0
CACI,sp400,0.8441,8.42,2.067,41.0,165.0,413.0,10.07,0.042,0.05,80.0
CAR,sp400,1.8681,13.54,4.494,90.0,360.0,899.0,17.14,0.042,0.05,80.0
CART,sp400,1.1687,10.04,4.369,87.0,350.0,874.0,13.54,0.042,0.05,80.0
CAVA,sp400,1.8204,13.3,5.002,100.0,400.0,1000.0,17.3,0.042,0.05,80.0
CBSH,sp400,0.927,8.84,1.992,40.0,159.0,398.0,10.43,0.042,0.05,80.0
CBT,sp400,1.3116,10.76,2.493,50.0,199.0,499.0,12.75,0.042,0.05,80.0
CCK,sp400,1.0076,9.24,2.068,41.0,165.0,414.0,10.89,0.042,0.05,80.0
CDE,sp400,1.18,10.1,5.271,105.0,422.0,1054.0,14.32,0.042,0.05,80.0
CDP,sp400,0.839,8.39,2.079,42.0,166.0,416.0,10.06,0.042,0.05,80.0
CELH,sp400,1.2159,10.28,7.416,148.0,593.0,1483.0,16.21,0.042,0.05,80.0
CFR,sp400,1.1223,9.81,2.301,46.0,184.0,460.0,11.65,0.042,0.05,80.0
CG,sp400,1.3377,10.89,2.974,59.0,238.0,595.0,13.27,0.042,0.05,80.0
CGNX,sp400,1.3869,11.13,2.773,55.0,222.0,555.0,13.35,0.042,0.05,80.0
CHDN,sp400,1.2575,10.49,2.542,51.0,203.0,508.0,12.52,0.042,0.05,80.0
CHE,sp400,0.734,7.87,2.064,41.0,165.0,413.0,9.52,0.042,0.05,80.0
CHH,sp400,0.9423,8.91,2.083,42.0,167.0,417.0,10.58,0.042,0.05,80.0
CHRD,sp400,2.0423,14.41,5.249,105.0,420.0,1050.0,18.61,0.042,0.05,80.0
CHWY,sp400,1.172,10.06,5.416,108.0,433.0,1083.0,14.39,0.042,0.05,80.0
CLF,sp400,1.5807,12.1,5.231,105.0,419.0,1046.0,16.29,0.042,0.05,80.0
CLH,sp400,1.1401,9.9,2.39,48.0,191.0,478.0,11.81,0.042,0.05,80.0
CMC,sp400,1.3141,10.77,3.063,61.0,245.0,613.0,13.22,0.042,0.05,80.0
CNH,sp400,1.1946,10.17,2.039,41.0,163.0,408.0,11.8,0.042,0.05,80.0
CNM,sp400,1.1393,9.9,3.343,67.0,267.0,669.0,12.57,0.042,0.05,80.0
CNO,sp400,1.3598,11.0,2.421,48.0,194.0,484.0,12.94,0.042,0.05,80.0
CNX,sp400,0.9898,9.15,4.183,84.0,335.0,837.0,12.5,0.042,0.05,80.0
COKE,sp400,0.766,8.03,2.704,54.0,216.0,541.0,10.19,0.042,0.05,80.0
COLB,sp400,1.1586,9.99,2.656,53.0,212.0,531.0,12.12,0.042,0.05,80.0
COLM,sp400,0.9852,9.13,2.439,49.0,195.0,488.0,11.08,0.042,0.05,80.0
CPRI,sp400,1.3994,11.2,3.317,66.0,265.0,663.0,13.85,0.042,0.05,80.0
CR,sp400,1.2592,10.5,2.619,52.0,210.0,524.0,12.59,0.042,0.05,80.0
CRBG,sp400,1.1699,10.05,2.709,54.0,217.0,542.0,12.22,0.042,0.05,80.0
CROX,sp400,1.4368,11.38,3.867,77.0,309.0,773.0,14.48,0.042,0.05,80.0
CRS,sp400,1.5487,11.94,3.418,68.0,273.0,684.0,14.68,0.042,0.05,80.0
CRUS,sp400,1.3423,10.91,3.168,63.0,253.0,634.0,13.45,0.042,0.05,80.0
CSL,sp400,1.0124,9.26,2.004,40.0,160.0,401.0,10.87,0.042,0.05,80.0
CTRE,sp400,0.9382,8.89,2.695,54.0,216.0,539.0,11.05,0.042,0.05,80.0
CUBE,sp400,0.7022,7.71,2.068,41.0,165.0,414.0,9.37,0.042,0.05,80.0
CUZ,sp400,1.0314,9.36,2.247,45.0,180.0,449.0,11.15,0.042,0.05,80.0
CVLT,sp400,1.0237,9.32,2.741,55.0,219.0,548.0,11.51,0.042,0.05,80.0
CW,sp400,1.1255,9.83,2.089,42.0,167.0,418.0,11.5,0.042,0.05,80.0
CXT,sp400,1.2076,10.24,2.196,44.0,176.0,439.0,11.99,0.042,0.05,80.0
CYTK,sp400,1.1016,9.71,5.474,109.0,438.0,1095.0,14.09,0.042,0.05,80.0
DAR,sp400,1.1379,9.89,2.859,57.0,229.0,572.0,12.18,0.042,0.05,80.0
DBX,sp400,1.0085,9.24,3.118,62.0,249.0,624.0,11.74,0.042,0.05,80.0
DCI,sp400,1.0159,9.28,1.868,37.0,149.0,374.0,10.77,0.042,0.05,80.0
DINO,sp400,1.1018,9.71,3.428,69.0,274.0,686.0,12.45,0.042,0.05,80.0
DKS,sp400,1.1235,9.82,2.99,60.0,239.0,598.0,12.21,0.042,0.05,80.0
DLB,sp400,0.8998,8.7,1.947,39.0,156.0,389.0,10.26,0.042,0.05,80.0
DOCN,sp400,2.2018,15.21,5.473,109.0,438.0,1095.0,19.59,0.042,0.05,80.0
DOCS,sp400,1.5818,12.11,5.01,100.0,401.0,1002.0,16.12,0.042,0.05,80.0
DOCU,sp400,1.3151,10.78,4.306,86.0,344.0,861.0,14.22,0.042,0.05,80.0
DT,sp400,1.2683,10.54,3.962,79.0,317.0,792.0,13.71,0.042,0.05,80.0
DTM,sp400,0.7309,7.85,2.211,44.0,177.0,442.0,9.62,0.042,0.05,80.0
DUOL,sp400,1.5883,12.14,5.242,105.0,419.0,1048.0,16.34,0.042,0.05,80.0
DY,sp400,1.4645,11.52,3.474,69.0,278.0,695.0,14.3,0.042,0.05,80.0
EEFT,sp400,1.1964,10.18,2.679,54.0,214.0,536.0,12.32,0.042,0.05,80.0
EGP,sp400,0.9736,9.07,1.911,38.0,153.0,382.0,10.6,0.042,0.05,80.0
EHC,sp400,0.8447,8.42,2.253,45.0,180.0,451.0,10.23,0.042,0.05,80.0
ELAN,sp400,1.0483,9.44,3.375,67.0,270.0,675.0,12.14,0.042,0.05,80.0
ELF,sp400,1.115,9.78,4.03,81.0,322.0,806.0,13.0,0.042,0.05,80.0
ELS,sp400,0.6965,7.68,1.86,37.0,149.0,372.0,9.17,0.042,0.05,80.0
ENS,sp400,1.3379,10.89,2.467,49.0,197.0,493.0,12.86,0.042,0.05,80.0
ENSG,sp400,1.031,9.35,2.86,57.0,229.0,572.0,11.64,0.042,0.05,80.0
ENTG,sp400,1.5248,11.82,3.03,61.0,242.0,606.0,14.25,0.042,0.05,80.0
EPR,sp400,1.154,9.97,2.27,45.0,182.0,454.0,11.79,0.042,0.05,80.0
EQH,sp400,1.4399,11.4,2.72,54.0,218.0,544.0,13.58,0.042,0.05,80.0
ESAB,sp400,1.1343,9.87,2.939,59.0,235.0,588.0,12.22,0.042,0.05,80.0
ESNT,sp400,1.1577,9.99,2.66,53.0,213.0,532.0,12.12,0.042,0.05,80.0
EVR,sp400,1.3847,11.12,2.67,53.0,214.0,534.0,13.26,0.042,0.05,80.0
EWBC,sp400,1.2978,10.69,2.576,52.0,206.0,515.0,12.75,0.042,0.05,80.0
EXEL,sp400,1.0511,9.46,4.022,80.0,322.0,804.0,12.67,0.042,0.05,80.0
EXLS,sp400,1.0091,9.25,2.43,49.0,194.0,486.0,11.19,0.042,0.05,80.0
EXP,sp400,1.376,11.08,2.795,56.0,224.0,559.0,13.32,0.042,0.05,80.0
EXPO,sp400,0.8725,8.56,2.324,46.0,186.0,465.0,10.42,0.042,0.05,80.0
FAF,sp400,0.9229,8.81,2.117,42.0,169.0,423.0,10.51,0.042,0.05,80.0
FBIN,sp400,1.2739,10.57,2.436,49.0,195.0,487.0,12.52,0.042,0.05,80.0
FCFS,sp400,0.901,8.71,2.601,52.0,208.0,520.0,10.79,0.042,0.05,80.0
FCN,sp400,0.5769,7.08,2.294,46.0,184.0,459.0,8.92,0.042,0.05,80.0
FFIN,sp400,1.0617,9.51,2.595,52.0,208.0,519.0,11.58,0.042,0.05,80.0
FHI,sp400,1.1576,9.99,2.38,48.0,190.0,476.0,11.89,0.042,0.05,80.0
FHN,sp400,1.1872,10.14,2.446,49.0,196.0,489.0,12.09,0.042,0.05,80.0
FIVE,sp400,1.268,10.54,3.385,68.0,271.0,677.0,13.25,0.042,0.05,80.0
FLG,sp400,0.9077,8.74,2.49,50.0,199.0,498.0,10.73,0.042,0.05,80.0
FLR,sp400,1.3709,11.05,3.097,62.0,248.0,619.0,13.53,0.042,0.05,80.0
FLS,sp400,1.2358,10.38,2.43,49.0,194.0,486.0,12.32,0.042,0.05,80.0
FN,sp400,1.1858,10.13,3.159,63.0,253.0,632.0,12.66,0.042,0.05,80.0
FNB,sp400,1.1843,10.12,2.34,47.0,187.0,468.0,11.99,0.042,0.05,80.0
FND,sp400,1.499,11.7,3.841,77.0,307.0,768.0,14.77,0.042,0.05,80.0
FNF,sp400,0.888,8.64,2.047,41.0,164.0,409.0,10.28,0.042,0.05,80.0
FOUR,sp400,1.7571,12.99,5.126,103.0,410.0,1025.0,17.09,0.042,0.05,80.0
FR,sp400,0.9447,8.92,1.943,39.0,155.0,389.0,10.48,0.042,0.05,80.0
FTI,sp400,1.3265,10.83,3.117,62.0,249.0,623.0,13.33,0.042,0.05,80.0
AAMI,sp600,1.2652,10.53,2.981,60.0,238.0,596.0,12.91,0.042,0.05,80.0
AAP,sp600,0.9227,8.81,2.537,51.0,203.0,507.0,10.84,0.042,0.05,80.0
AAT,sp600,0.9586,8.99,2.203,44.0,176.0,441.0,10.76,0.042,0.05,80.0
ABCB,sp600,1.2001,10.2,2.851,57.0,228.0,570.0,12.48,0.042,0.05,80.0
ABG,sp600,1.2995,10.7,3.2,64.0,256.0,640.0,13.26,0.042,0.05,80.0
ABM,sp600,0.9926,9.16,2.256,45.0,180.0,451.0,10.97,0.042,0.05,80.0
ABR,sp600,0.9374,8.89,2.527,51.0,202.0,505.0,10.91,0.042,0.05,80.0
ACA,sp600,1.1543,9.97,3.092,62.0,247.0,618.0,12.45,0.042,0.05,80.0
ACAD,sp600,1.2021,10.21,4.875,98.0,390.0,975.0,14.11,0.042,0.05,80.0
ACHC,sp600,1.1375,9.89,3.37,67.0,270.0,674.0,12.58,0.042,0.05,80.0
ACIW,sp600,1.1648,10.02,2.774,55.0,222.0,555.0,12.24,0.042,0.05,80.0
ACLS,sp600,1.7053,12.73,4.36,87.0,349.0,872.0,16.21,0.042,0.05,80.0
ACMR,sp600,1.6512,12.46,6.324,126.0,506.0,1265.0,17.52,0.042,0.05,80.0
ACT,sp600,0.7016,7.71,2.444,49.0,196.0,489.0,9.66,0.042,0.05,80.0
ADAM,sp600,0.9159,8.78,2.441,49.0,195.0,488.0,10.73,0.042,0.05,80.0
ADEA,sp600,1.0635,9.52,3.202,64.0,256.0,640.0,12.08,0.042,0.05,80.0
ADMA,sp600,0.866,8.53,5.571,111.0,446.0,1114.0,12.99,0.042,0.05,80.0
ADNT,sp600,1.7535,12.97,4.194,84.0,335.0,839.0,16.32,0.042,0.05,80.0
ADT,sp600,1.0893,9.65,3.713,74.0,297.0,743.0,12.62,0.042,0.05,80.0
ADUS,sp600,0.8618,8.51,3.751,75.0,300.0,750.0,11.51,0.042,0.05,80.0
AEO,sp600,1.1637,10.02,3.472,69.0,278.0,694.0,12.8,0.042,0.05,80.0
AESI,sp600,0.8256,8.33,3.509,70.0,281.0,702.0,11.14,0.042,0.05,80.0
AGNT,sp600,1.5183,11.79,5.972,119.0,478.0,1194.0,16.57,0.042,0.05,80.0
AGO,sp600,1.1393,9.9,2.418,48.0,193.0,484.0,11.83,0.042,0.05,80.0
AGX,sp600,0.8446,8.42,3.038,61.0,243.0,608.0,10.85,0.042,0.05,80.0
AGYS,sp600,1.0568,9.48,3.619,72.0,289.0,724.0,12.38,0.042,0.05,80.0
AHCO,sp600,0.7146,7.77,4.17,83.0,334.0,834.0,11.11,0.042,0.05,80.0
AIN,sp600,1.1298,9.85,2.499,50.0,200.0,500.0,11.85,0.042,0.05,80.0
AIR,sp600,1.341,10.91,2.947,59.0,236.0,589.0,13.26,0.042,0.05,80.0
AKR,sp600,0.9438,8.92,2.273,45.0,182.0,455.0,10.74,0.042,0.05,80.0
ALG,sp600,0.9868,9.13,2.586,52.0,207.0,517.0,11.2,0.042,0.05,80.0
ALGT,sp600,1.2717,10.56,3.471,69.0,278.0,694.0,13.33,0.042,0.05,80.0
ALHC,sp600,1.1388,9.89,5.855,117.0,468.0,1171.0,14.58,0.042,0.05,80.0
ALKS,sp600,0.967,9.04,3.557,71.0,285.0,711.0,11.88,0.042,0.05,80.0
ALRM,sp600,1.0296,9.35,3.316,66.0,265.0,663.0,12.0,0.042,0.05,80.0
AMN,sp600,0.8409,8.4,3.389,68.0,271.0,678.0,11.12,0.042,0.05,80.0
AMPH,sp600,0.7598,8.0,3.469,69.0,278.0,694.0,10.77,0.042,0.05,80.0
AMR,sp600,0.9357,8.88,5.422,108.0,434.0,1084.0,13.22,0.042,0.05,80.0
AMRX,sp600,1.2345,10.37,5.457,109.0,437.0,1092.0,14.74,0.042,0.05,80.0
AMSF,sp600,0.7122,7.76,2.378,48.0,190.0,476.0,9.66,0.042,0.05,80.0
ANDE,sp600,0.9511,8.96,3.177,64.0,254.0,635.0,11.5,0.042,0.05,80.0
ANIP,sp600,1.1559,9.98,4.906,98.0,392.0,981.0,13.9,0.042,0.05,80.0
AORT,sp600,1.1385,9.89,3.435,69.0,275.0,687.0,12.64,0.042,0.05,80.0
AOSL,sp600,1.4578,11.49,4.033,81.0,323.0,807.0,14.72,0.042,0.05,80.0
APAM,sp600,1.3002,10.7,2.69,54.0,215.0,538.0,12.85,0.042,0.05,80.0
APLE,sp600,1.1059,9.73,2.331,47.0,186.0,466.0,11.59,0.042,0.05,80.0
APOG,sp600,1.3646,11.02,3.004,60.0,240.0,601.0,13.43,0.042,0.05,80.0
ARCB,sp600,1.3884,11.14,4.005,80.0,320.0,801.0,14.35,0.042,0.05,80.0
ARLO,sp600,1.5069,11.73,5.591,112.0,447.0,1118.0,16.21,0.042,0.05,80.0
AROC,sp600,1.4181,11.29,3.862,77.0,309.0,772.0,14.38,0.042,0.05,80.0
ARR,sp600,0.9177,8.79,2.081,42.0,166.0,416.0,10.45,0.042,0.05,80.0
ASO,sp600,1.247,10.44,4.126,83.0,330.0,825.0,13.74,0.042,0.05,80.0
ASTE,sp600,1.1226,9.81,3.123,62.0,250.0,625.0,12.31,0.042,0.05,80.0
ASTH,sp600,0.6534,7.47,4.714,94.0,377.0,943.0,11.24,0.042,0.05,80.0
ATEN,sp600,1.0244,9.32,3.488,70.0,279.0,698.0,12.11,0.042,0.05,80.0
ATMU,sp600,0.9907,9.15,3.14,63.0,251.0,628.0,11.67,0.042,0.05,80.0
AUB,sp600,1.0612,9.51,2.693,54.0,215.0,539.0,11.66,0.042,0.05,80.0
AVA,sp600,0.6109,7.25,1.738,35.0,139.0,348.0,8.64,0.042,0.05,80.0
AWI,sp600,1.0693,9.55,2.362,47.0,189.0,472.0,11.44,0.042,0.05,80.0
AWR,sp600,0.6804,7.6,2.091,42.0,167.0,418.0,9.27,0.042,0.05,80.0
AX,sp600,1.3281,10.84,3.281,66.0,263.0,656.0,13.47,0.042,0.05,80.0
AZTA,sp600,1.4608,11.5,3.385,68.0,271.0,677.0,14.21,0.042,0.05,80.0
AZZ,sp600,1.1093,9.75,2.603,52.0,208.0,521.0,11.83,0.042,0.05,80.0
BANC,sp600,1.107,9.74,3.014,60.0,241.0,603.0,12.15,0.042,0.05,80.0
BANF,sp600,1.0162,9.28,2.527,51.0,202.0,505.0,11.3,0.042,0.05,80.0
BANR,sp600,1.1569,9.98,2.67,53.0,214.0,534.0,12.12,0.042,0.05,80.0
BBT,sp600,1.0879,9.64,2.476,50.0,198.0,495.0,11.62,0.042,0.05,80.0
BCC,sp600,1.3406,10.9,3.275,66.0,262.0,655.0,13.52,0.042,0.05,80.0
BCPC,sp600,0.9034,8.72,2.574,51.0,206.0,515.0,10.78,0.042,0.05,80.0
BFAM,sp600,0.949,8.95,2.394,48.0,192.0,479.0,10.86,0.042,0.05,80.0
BFH,sp600,1.4557,11.48,3.014,60.0,241.0,603.0,13.89,0.042,0.05,80.0
BFS,sp600,1.0162,9.28,2.44,49.0,195.0,488.0,11.23,0.042,0.05,80.0
BGC,sp600,1.2323,10.36,3.146,63.0,252.0,629.0,12.88,0.042,0.05,80.0
BHE,sp600,1.0503,9.45,2.423,48.0,194.0,485.0,11.39,0.042,0.05,80.0
BJRI,sp600,1.3772,11.09,3.643,73.0,291.0,729.0,14.0,0.042,0.05,80.0
BKE,sp600,1.0007,9.2,3.328,67.0,266.0,666.0,11.87,0.042,0.05,80.0
BKU,sp600,1.2038,10.22,2.582,52.0,207.0,516.0,12.28,0.042,0.05,80.0
BL,sp600,1.1747,10.07,3.675,73.0,294.0,735.0,13.01,0.042,0.05,80.0
BLFS,sp600,1.2655,10.53,6.542,131.0,523.0,1308.0,15.76,0.042,0.05,80.0
BLKB,sp600,1.0751,9.58,2.782,56.0,223.0,556.0,11.8,0.042,0.05,80.0
BMI,sp600,1.08,9.6,2.418,48.0,193.0,484.0,11.53,0.042,0.05,80.0
BNL,sp600,0.715,7.78,2.239,45.0,179.0,448.0,9.57,0.042,0.05,80.0
BOH,sp600,0.9897,9.15,2.164,43.0,173.0,433.0,10.88,0.042,0.05,80.0
BOOT,sp600,1.5013,11.71,4.799,96.0,384.0,960.0,15.55,0.042,0.05,80.0
BOX,sp600,1.0191,9.3,3.282,66.0,263.0,656.0,11.92,0.042,0.05,80.0
BRC,sp600,0.9255,8.83,2.133,43.0,171.0,427.0,10.53,0.042,0.05,80.0
BTU,sp600,1.126,9.83,5.852,117.0,468.0,1170.0,14.51,0.042,0.05,80.0
BXMT,sp600,0.9445,8.92,2.301,46.0,184.0,460.0,10.76,0.042,0.05,80.0
CACC,sp600,1.1275,9.84,3.165,63.0,253.0,633.0,12.37,0.042,0.05,80.0
CAG,sp600,0.4586,6.49,1.807,36.0,145.0,361.0,7.94,0.042,0.05,80.0
CAKE,sp600,1.1822,10.11,2.888,58.0,231.0,578.0,12.42,0.042,0.05,80.0
CALM,sp600,0.4736,6.57,2.688,54.0,215.0,538.0,8.72,0.042,0.05,80.0
CALX,sp600,1.3153,10.78,3.97,79.0,318.0,794.0,13.95,0.042,0.05,80.0
CALY,sp600,1.2615,10.51,3.081,62.0,247.0,616.0,12.97,0.042,0.05,80.0
CARG,sp600,1.3486,10.94,4.092,82.0,327.0,818.0,14.22,0.042,0.05,80.0
CASH,sp600,1.0748,9.57,2.91,58.0,233.0,582.0,11.9,0.042,0.05,80.0
CATY,sp600,1.2417,10.41,2.517,50.0,201.0,503.0,12.42,0.042,0.05,80.0
CBRL,sp600,0.9772,9.09,2.616,52.0,209.0,523.0,11.18,0.042,0.05,80.0
CBU,sp600,0.9341,8.87,2.207,44.0,177.0,441.0,10.64,0.042,0.05,80.0
CC,sp600,1.7028,12.71,4.436,89.0,355.0,887.0,16.26,0.042,0.05,80.0
CCOI,sp600,0.7905,8.15,2.716,54.0,217.0,543.0,10.33,0.042,0.05,80.0
CCS,sp600,1.464,11.52,3.573,71.0,286.0,715.0,14.38,0.042,0.05,80.0
CE,sp600,1.243,10.42,2.371,47.0,190.0,474.0,12.31,0.042,0.05,80.0
CENT,sp600,0.7593,8.0,2.917,58.0,233.0,583.0,10.33,0.042,0.05,80.0
CENTA,sp600,0.7915,8.16,3.093,62.0,247.0,619.0,10.63,0.042,0.05,80.0
CENX,sp600,1.8305,13.35,5.544,111.0,444.0,1109.0,17.79,0.042,0.05,80.0
CERT,sp600,1.3375,10.89,4.697,94.0,376.0,939.0,14.65,0.042,0.05,80.0
CFFN,sp600,0.6875,7.64,1.966,39.0,157.0,393.0,9.21,0.042,0.05,80.0
CHCO,sp600,0.8345,8.37,2.228,45.0,178.0,446.0,10.15,0.042,0.05,80.0
CHEF,sp600,1.5073,11.74,4.021,80.0,322.0,804.0,14.95,0.042,0.05,80.0
CLSK,sp600,1.4307,11.35,8.886,178.0,711.0,1777.0,18.46,0.042,0.05,80.0
CNK,sp600,1.0607,9.5,3.263,65.0,261.0,652.0,12.11,0.042,0.05,80.0
CNMD,sp600,1.1299,9.85,2.745,55.0,220.0,549.0,12.05,0.042,0.05,80.0
CNR,sp600,1.1885,10.14,5.589,112.0,447.0,1118.0,14.61,0.042,0.05,80.0
CNS,sp600,1.2461,10.43,2.491,50.0,199.0,498.0,12.42,0.042,0.05,80.0
CNXC,sp600,1.0761,9.58,3.435,69.0,275.0,687.0,12.33,0.042,0.05,80.0
CNXN,sp600,0.8633,8.52,3.007,60.0,241.0,601.0,10.92,0.042,0.05,80.0
COCO,sp600,1.1904,10.15,4.957,99.0,397.0,991.0,14.12,0.042,0.05,80.0
COHU,sp600,1.511,11.76,3.685,74.0,295.0,737.0,14.7,0.042,0.05,80.0
COLL,sp600,1.0411,9.41,5.238,105.0,419.0,1048.0,13.6,0.042,0.05,80.0
CORT,sp600,1.0435,9.42,4.776,96.0,382.0,955.0,13.24,0.042,0.05,80.0
COTY,sp600,1.2312,10.36,3.458,69.0,277.0,692.0,13.12,0.042,0.05,80.0
CPB,sp600,0.3544,5.97,1.808,36.0,145.0,362.0,7.42,0.042,0.05,80.0
CPF,sp600,1.0455,9.43,2.458,49.0,197.0,492.0,11.39,0.042,0.05,80.0
CPK,sp600,0.7085,7.74,2.281,46.0,183.0,456.0,9.57,0.042,0.05,80.0
CRC,sp600,0.9432,8.92,3.79,76.0,303.0,758.0,11.95,0.042,0.05,80.0
CRGY,sp600,0.9769,9.08,4.276,86.0,342.0,855.0,12.51,0.042,0.05,80.0
CRI,sp600,0.9308,8.85,2.504,50.0,200.0,501.0,10.86,0.042,0.05,80.0
CRK,sp600,1.3008,10.7,6.269,125.0,502.0,1254.0,15.72,0.042,0.05,80.0
CRSR,sp600,1.5587,11.99,4.502,90.0,360.0,900.0,15.59,0.042,0.05,80.0
CRVL,sp600,0.9852,9.13,2.917,58.0,233.0,583.0,11.46,0.042,0.05,80.0
CSR,sp600,0.7546,7.97,2.324,46.0,186.0,465.0,9.83,0.042,0.05,80.0
CSW,sp600,0.9211,8.81,2.732,55.0,219.0,546.0,10.99,0.042,0.05,80.0
CTS,sp600,1.0934,9.67,2.697,54.0,216.0,539.0,11.82,0.042,0.05,80.0
CUBI,sp600,1.2987,10.69,3.13,63.0,250.0,626.0,13.2,0.042,0.05,80.0
CVBF,sp600,0.9692,9.05,2.478,50.0,198.0,496.0,11.03,0.042,0.05,80.0
CVCO,sp600,1.401,11.21,3.382,68.0,271.0,676.0,13.91,0.042,0.05,80.0
CVI,sp600,1.2539,10.47,3.98,80.0,318.0,796.0,13.65,0.042,0.05,80.0
CVSA,sp600,0.853,8.46,2.905,58.0,232.0,581.0,10.79,0.042,0.05,80.0
CWEN,sp600,0.8236,8.32,2.858,57.0,229.0,572.0,10.6,0.042,0.05,80.0
CWK,sp600,1.3982,11.19,3.644,73.0,292.0,729.0,14.11,0.042,0.05,80.0
CWST,sp600,0.87,8.55,2.991,60.0,239.0,598.0,10.94,0.042,0.05,80.0
CWT,sp600,0.6855,7.63,2.148,43.0,172.0,430.0,9.35,0.042,0.05,80.0
CXM,sp600,1.4636,11.52,4.4,88.0,352.0,880.0,15.04,0.042,0.05,80.0
CXW,sp600,1.0165,9.28,3.045,61.0,244.0,609.0,11.72,0.042,0.05,80.0
