ticker,tier,days,beta,comovement_r2,own_volatility,reaction_delay,trading_range_pct,dollar_volume,size_rank
MMM,sp500,3266,0.858,0.3803,0.1807,0.0054,1.6087,335037814.0,44.0
AOS,sp500,3266,0.9536,0.3602,0.2096,0.0016,2.1135,51455239.0,204.0
ABT,sp500,3266,0.8488,0.3982,0.1721,0.004,1.7077,388112248.0,37.0
ABBV,sp500,3016,0.7295,0.2124,0.2354,0.0062,2.1207,517220358.0,25.0
ACN,sp500,3266,1.0753,0.556,0.1585,0.0006,1.6918,382071526.0,39.0
ADBE,sp500,3266,1.2838,0.4507,0.2337,0.0065,2.2316,769673380.0,16.0
AMD,sp500,3266,1.6712,0.2428,0.4867,0.0011,4.1569,2892639321.0,3.0
AES,sp500,3266,1.0424,0.2994,0.263,0.0122,2.4714,72093961.0,165.0
AFL,sp500,3266,0.9623,0.4275,0.1837,0.0041,1.6958,131122300.0,107.0
A,sp500,3266,1.0724,0.4563,0.1931,0.0018,2.0041,154182969.0,93.0
APD,sp500,3266,0.9313,0.4055,0.186,0.0024,1.7228,192105964.0,77.0
ABNB,sp500,1016,1.584,0.2836,0.4134,0.0095,3.8363,828814972.0,13.0
AKAM,sp500,3266,0.9156,0.2173,0.2866,0.0207,2.1792,136117210.0,105.0
ALB,sp500,3266,1.3319,0.2914,0.3426,0.0065,2.9791,153326920.0,94.0
ARE,sp500,3266,0.8697,0.3589,0.1917,0.0051,1.8887,69570123.0,169.0
ALGN,sp500,3266,1.5028,0.3035,0.3755,0.0088,3.1841,182788050.0,81.0
ALLE,sp500,2794,1.0221,0.4601,0.1897,0.0012,2.089,62552548.0,184.0
LNT,sp500,3266,0.5644,0.2175,0.1766,0.0164,1.6848,47200338.0,214.0
ALL,sp500,3266,0.8117,0.3501,0.1824,0.0052,1.699,159786116.0,91.0
GOOGL,sp500,3266,1.1433,0.4857,0.194,0.0007,1.9298,2466545811.0,4.0
GOOG,sp500,3266,1.1411,0.4833,0.1946,0.001,1.9079,2121539941.0,5.0
MO,sp500,3266,0.5762,0.2058,0.1867,0.0122,1.6375,235937685.0,60.0
AMZN,sp500,3266,1.1775,0.365,0.2562,0.0021,2.2906,5826571406.0,2.0
AMCR,sp500,3174,0.5858,0.1563,0.2262,0.0068,0.9544,30402813.0,268.0
AEE,sp500,3266,0.5886,0.218,0.1839,0.029,1.6903,75311795.0,160.0
AEP,sp500,3266,0.506,0.1798,0.1783,0.0251,1.6499,159846551.0,90.0
AXP,sp500,3266,1.2096,0.4949,0.2016,0.0016,1.8484,401464975.0,34.0
AIG,sp500,3266,1.221,0.427,0.2333,0.0009,2.1357,292216877.0,48.0
AMT,sp500,3266,0.7775,0.2864,0.2025,0.0089,1.9066,272076296.0,54.0
AWK,sp500,3266,0.6288,0.2353,0.1869,0.0199,1.7572,81340588.0,154.0
AMP,sp500,3266,1.5234,0.634,0.1909,0.002,2.1139,122739413.0,114.0
AME,sp500,3266,1.0699,0.5777,0.1509,0.0004,1.7247,94953807.0,129.0
AMGN,sp500,3266,0.8046,0.2948,0.2053,0.0088,2.0036,460435960.0,26.0
APH,sp500,3266,1.1083,0.5954,0.1507,0.0009,1.7123,128785361.0,108.0
ADI,sp500,3266,1.2735,0.5193,0.2021,0.0167,2.1506,288046205.0,50.0
AON,sp500,3266,0.8111,0.3826,0.17,0.0049,1.6543,195340166.0,73.0
APA,sp500,3266,1.5457,0.2198,0.4804,0.0079,3.5771,173395162.0,85.0
APO,sp500,3266,1.3368,0.3958,0.2724,0.0203,2.9392,86957489.0,147.0
AAPL,sp500,3266,1.1736,0.4746,0.2037,0.0012,1.9763,8140568024.0,1.0
AMAT,sp500,3266,1.5792,0.4865,0.2676,0.007,2.6953,519583800.0,24.0
APP,sp500,931,2.1523,0.2375,0.641,0.0076,5.4593,238738785.0,59.0
APTV,sp500,3266,1.4276,0.3973,0.29,0.0059,2.5898,160610759.0,89.0
ACGL,sp500,3266,0.8612,0.3402,0.1978,0.0132,1.8317,61290058.0,185.0
ADM,sp500,3266,0.845,0.292,0.217,0.0026,1.9176,138520882.0,102.0
ARES,sp500,2681,1.135,0.3396,0.2744,0.0107,2.8941,37603966.0,239.0
ANET,sp500,2657,1.2871,0.2659,0.3721,0.0045,3.1008,235928801.0,61.0
AJG,sp500,3266,0.826,0.4588,0.148,0.002,1.5819,89464512.0,139.0
AIZ,sp500,3266,0.8558,0.3106,0.2103,0.0125,1.8865,44521239.0,225.0
T,sp500,3266,0.6282,0.2402,0.1843,0.003,1.562,565159494.0,21.0
ATO,sp500,3266,0.5917,0.2329,0.1771,0.0122,1.6988,54012134.0,194.0
ADSK,sp500,3266,1.4135,0.4383,0.264,0.001,2.5986,246452073.0,57.0
ADP,sp500,3266,0.9903,0.5454,0.1491,0.0059,1.6292,231848572.0,63.0
AZO,sp500,3266,0.6937,0.2234,0.2134,0.0451,1.9717,262220560.0,55.0
AVY,sp500,3266,1.0196,0.4333,0.1923,0.0029,1.9295,58101838.0,189.0
AXON,sp500,3266,1.1888,0.1667,0.4384,0.0053,3.6565,65759619.0,178.0
BKR,sp500,3266,1.1647,0.2673,0.3181,0.0009,2.9535,145691564.0,98.0
BALL,sp500,3266,0.8375,0.287,0.2177,0.0058,1.9697,98573309.0,126.0
BAC,sp500,3266,1.2811,0.4793,0.2202,0.0008,2.1855,1388573979.0,8.0
BAX,sp500,3266,0.719,0.2516,0.2045,0.0053,1.7913,188899309.0,78.0
BDX,sp500,3266,0.6385,0.2634,0.1761,0.0028,1.6507,219116815.0,66.0
BRK-B,sp500,3266,0.8727,0.6263,0.1112,0.0018,1.3254,853855162.0,12.0
BBY,sp500,3266,1.1138,0.2161,0.3499,0.0107,2.8256,164939240.0,86.0
TECH,sp500,3266,0.9196,0.2891,0.2379,0.0027,2.4861,42101786.0,233.0
BIIB,sp500,3266,0.9371,0.1585,0.3561,0.0135,2.5605,408840869.0,33.0
BLK,sp500,3266,1.2568,0.6361,0.1568,0.0006,1.9281,280740166.0,52.0
BX,sp500,3266,1.411,0.4887,0.2381,0.0172,2.6919,195243827.0,74.0
XYZ,sp500,2289,1.927,0.3556,0.4643,0.0084,4.3949,899823257.0,10.0
BNY,sp500,3266,1.0725,0.4643,0.19,0.0042,1.9229,183349071.0,80.0
BA,sp500,3266,1.3467,0.3666,0.292,0.0026,2.377,1417348232.0,7.0
BKNG,sp500,3266,1.1578,0.3688,0.2498,0.0039,2.2427,780310564.0,15.0
BSX,sp500,3266,0.9716,0.362,0.2127,0.0032,2.1104,259589337.0,56.0
BMY,sp500,3266,0.6095,0.1749,0.2184,0.0055,1.8995,444270117.0,27.0
AVGO,sp500,3266,1.4118,0.4155,0.2762,0.0085,2.589,949426666.0,9.0
BR,sp500,3266,0.8745,0.4343,0.1646,0.0038,1.7319,56011830.0,193.0
BRO,sp500,3266,0.8452,0.4342,0.1592,0.0009,1.6558,47220367.0,213.0
BF-B,sp500,3266,0.7522,0.291,0.1937,0.0138,1.8401,52170287.0,200.0
BLDR,sp500,3266,1.6307,0.2803,0.4311,0.0123,3.9611,70963575.0,167.0
BG,sp500,3266,0.7621,0.1929,0.2572,0.0162,2.1833,77907167.0,159.0
BXP,sp500,3266,0.992,0.3355,0.2303,0.0058,2.1112,69882328.0,168.0
CHRW,sp500,3266,0.6696,0.1881,0.2294,0.0102,2.0107,93884567.0,132.0
CDNS,sp500,3266,1.2143,0.4526,0.2203,0.0053,2.3007,159382803.0,92.0
CPT,sp500,3266,0.7569,0.3021,0.1898,0.0122,1.8813,52948452.0,196.0
COF,sp500,3266,1.3761,0.4608,0.2455,0.0006,2.2606,242839741.0,58.0
CAH,sp500,3266,0.7864,0.2333,0.2351,0.0106,2.0337,136692587.0,104.0
CCL,sp500,3266,1.6549,0.292,0.4251,0.016,3.0234,344379241.0,43.0
CARR,sp500,1201,1.0854,0.2732,0.3161,0.0674,2.7804,214147435.0,68.0
CVNA,sp500,1928,2.3246,0.185,0.9159,0.0092,7.5679,290046119.0,49.0
CASY,sp500,3266,0.712,0.1967,0.2373,0.0179,2.1893,43599406.0,227.0
CAT,sp500,3266,1.0882,0.4071,0.2166,0.0016,2.1029,519688499.0,23.0
CBOE,sp500,3266,0.557,0.154,0.2153,0.0776,2.1062,67547427.0,173.0
CBRE,sp500,3266,1.2931,0.4576,0.2322,0.0075,2.3016,96352487.0,127.0
CDW,sp500,2894,1.1149,0.4481,0.2095,0.0034,2.2035,88337968.0,143.0
COR,sp500,3266,0.7038,0.2264,0.2146,0.0114,1.9954,140118331.0,99.0
CNC,sp500,3266,0.929,0.1847,0.3219,0.0137,2.6761,178566667.0,84.0
CNP,sp500,3266,0.8226,0.2982,0.2081,0.0139,1.8856,88722686.0,142.0
CF,sp500,3266,1.038,0.2015,0.3409,0.0053,3.1317,139601285.0,101.0
CRL,sp500,3266,1.1568,0.3577,0.2557,0.0093,2.47,65366677.0,180.0
SCHW,sp500,3266,1.2234,0.3848,0.2552,0.0057,2.4442,355994032.0,42.0
CHTR,sp500,3266,0.8515,0.2167,0.267,0.0012,2.4507,425832968.0,28.0
CVX,sp500,3266,1.0027,0.3678,0.2168,0.01,1.8535,711123091.0,18.0
CMG,sp500,3266,0.9179,0.1965,0.3062,0.002,2.3823,416366716.0,29.0
CB,sp500,3266,0.8237,0.3863,0.1712,0.0104,1.6314,222145760.0,65.0
CHD,sp500,3266,0.4513,0.1426,0.1825,0.0165,1.6369,88007963.0,144.0
CIEN,sp500,3266,1.2087,0.2383,0.3565,0.0067,2.8559,81447428.0,153.0
CI,sp500,3266,0.8785,0.2613,0.2437,0.0135,2.1663,301074303.0,46.0
CINF,sp500,3266,0.9636,0.3797,0.2032,0.0087,1.7955,45853848.0,223.0
CTAS,sp500,3266,1.0539,0.5087,0.1708,0.002,1.7309,108445274.0,121.0
CSCO,sp500,3266,0.9836,0.4339,0.1853,0.0015,1.7345,723710703.0,17.0
C,sp500,3266,1.3717,0.5115,0.2211,0.0012,2.1995,873098252.0,11.0
CFG,sp500,2581,1.3503,0.3981,0.2921,0.002,2.7252,133773299.0,106.0
CLX,sp500,3266,0.3523,0.0747,0.2046,0.0057,1.6649,128625972.0,109.0
CME,sp500,3266,0.7435,0.2766,0.1983,0.0123,1.8868,186865320.0,79.0
CMS,sp500,3266,0.5123,0.1857,0.1769,0.0323,1.6506,82992625.0,150.0
KO,sp500,3266,0.6042,0.3368,0.1399,0.0007,1.3197,555080754.0,22.0
CTSH,sp500,3266,1.0971,0.4062,0.2188,0.0001,1.9629,212168000.0,69.0
COHR,sp500,3266,1.4128,0.2559,0.3974,0.0034,3.4659,50215941.0,207.0
COIN,sp500,932,2.8047,0.2752,0.7562,0.0179,7.02,1469186595.0,6.0
CL,sp500,3266,0.5533,0.2583,0.1547,0.0233,1.4135,233391835.0,62.0
CMCSA,sp500,3266,0.8799,0.3681,0.1902,0.0057,1.9482,623608991.0,19.0
FIX,sp500,3266,1.2478,0.3043,0.3112,0.0004,2.797,20430684.0,308.0
COP,sp500,3266,1.1395,0.2901,0.294,0.004,2.4489,388679818.0,36.0
ED,sp500,3266,0.4221,0.1294,0.1805,0.0575,1.5869,114199065.0,119.0
STZ,sp500,3266,0.8002,0.2251,0.2449,0.0191,1.8977,202586022.0,70.0
CEG,sp500,738,1.026,0.1759,0.3891,0.034,3.3792,319213098.0,45.0
COO,sp500,3266,0.8883,0.3329,0.2074,0.0025,2.0752,87402219.0,146.0
CPRT,sp500,3266,1.0036,0.4199,0.1946,0.0017,2.0042,92263759.0,135.0
GLW,sp500,3266,1.1758,0.4646,0.2082,0.0011,2.0199,146437426.0,97.0
CPAY,sp500,3266,1.1419,0.3904,0.2353,0.0061,2.3036,126729507.0,110.0
CTVA,sp500,1407,0.9234,0.2989,0.2876,0.0096,2.6135,163241423.0,88.0
CSGP,sp500,3266,1.0719,0.3338,0.2498,0.0015,2.549,103260452.0,124.0
COST,sp500,3266,0.7307,0.353,0.1632,0.0015,1.5698,607071506.0,20.0
CRH,sp500,3266,1.1994,0.4404,0.223,0.0015,1.6028,50445581.0,206.0
CRWD,sp500,1395,1.2363,0.1939,0.5138,0.0006,4.6494,789943980.0,14.0
CCI,sp500,3266,0.7319,0.2673,0.1998,0.0049,1.8797,180751658.0,83.0
CSX,sp500,3266,1.0745,0.4342,0.2023,0.0066,2.0377,293391486.0,47.0
CMI,sp500,3266,1.0033,0.3836,0.2098,0.0079,2.1026,193028136.0,76.0
CVS,sp500,3266,0.7338,0.2281,0.2227,0.0043,1.9082,413553637.0,30.0
DHR,sp500,3266,0.8778,0.315,0.2135,0.0038,1.7193,386769732.0,38.0
DRI,sp500,3266,1.0991,0.3043,0.2741,0.0082,2.1953,117839816.0,116.0
DDOG,sp500,1326,1.3403,0.2155,0.5277,0.0019,4.8347,409447406.0,32.0
DVA,sp500,3266,0.7309,0.1623,0.2739,0.0115,2.1296,94678372.0,130.0
DECK,sp500,3266,1.1711,0.2111,0.3734,0.0102,3.1424,109868978.0,120.0
DE,sp500,3266,0.9888,0.3545,0.2201,0.0067,2.0266,356138510.0,41.0
DELL,sp500,2103,1.1678,0.29,0.3315,0.0029,2.6889,282226511.0,51.0
DAL,sp500,3266,1.2887,0.2938,0.3295,0.0172,2.9796,401411731.0,35.0
DVN,sp500,3266,1.4486,0.2555,0.4079,0.0033,3.3832,223198754.0,64.0
DXCM,sp500,3266,1.0854,0.1405,0.4428,0.0045,3.5299,181909594.0,82.0
FANG,sp500,3069,1.3133,0.1995,0.4397,0.0094,3.7927,149598909.0,95.0
DLR,sp500,3266,0.7653,0.2235,0.2353,0.0101,2.1344,137868593.0,103.0
DG,sp500,3266,0.576,0.1054,0.2768,0.0121,2.0593,276066763.0,53.0
AA,sp400,3266,1.5364,0.2694,0.4174,0.0082,3.6672,201201791.0,71.0
AAL,sp400,3266,1.3838,0.2169,0.4337,0.0201,3.6933,411630598.0,31.0
AAON,sp400,3266,1.0143,0.2451,0.2936,0.0031,2.949,11134763.0,374.0
ACI,sp400,1132,0.4,0.0431,0.3108,0.0114,2.4773,52134476.0,201.0
ACM,sp400,3266,1.2041,0.3987,0.2439,0.0062,2.3832,43181707.0,229.0
ADC,sp400,3266,0.6519,0.219,0.2031,0.0621,1.9343,20080930.0,310.0
AEIS,sp400,3266,1.5297,0.379,0.323,0.0098,3.2447,16575670.0,340.0
AFG,sp400,3266,1.0255,0.3889,0.212,0.014,1.7271,20276045.0,309.0
AGCO,sp400,3266,1.1127,0.3239,0.2652,0.0091,2.4756,51558675.0,203.0
AIT,sp400,3266,1.1199,0.3653,0.2435,0.0267,2.2514,15602843.0,344.0
ALGM,sp400,1045,1.7156,0.3516,0.3814,0.0069,4.134,35871332.0,245.0
ALK,sp400,3266,1.2526,0.2946,0.3197,0.002,2.8914,86800748.0,148.0
ALLY,sp400,2747,1.3781,0.3873,0.2984,0.0076,2.6978,94121356.0,131.0
ALSN,sp400,3216,0.8773,0.2678,0.2405,0.0319,2.3225,35664786.0,248.0
ALV,sp400,3266,1.1821,0.3843,0.2468,0.0003,1.9662,46597460.0,218.0
AM,sp400,1924,0.8743,0.1481,0.394,0.0104,3.5588,20986464.0,304.0
AMG,sp400,3266,1.3902,0.5006,0.229,0.0051,2.3659,57395222.0,190.0
AMH,sp400,2870,0.7392,0.3115,0.1867,0.0135,1.9098,46809005.0,215.0
AMKR,sp400,3266,1.6112,0.3053,0.4009,0.0062,3.5917,15282658.0,346.0
AN,sp400,3266,1.0702,0.2618,0.2964,0.0055,2.7183,58970776.0,188.0
ANF,sp400,3266,1.2676,0.1393,0.5196,0.0029,4.0299,73279322.0,163.0
APG,sp400,1173,1.2447,0.3882,0.2635,0.0012,2.9796,29081745.0,272.0
APPF,sp400,2391,1.2086,0.2398,0.3857,0.0222,3.7116,16992192.0,334.0
AR,sp400,2821,1.1258,0.1082,0.5519,0.007,4.8786,92758889.0,134.0
ARMK,sp400,2777,1.0924,0.2914,0.2925,0.0375,2.4411,66207805.0,176.0
ARW,sp400,3266,1.1817,0.4798,0.2029,0.0019,2.1578,42568028.0,230.0
ARWR,sp400,3266,1.4776,0.0959,0.7482,0.0071,5.9815,26903349.0,280.0
ASB,sp400,3266,1.1322,0.3595,0.2493,0.0066,2.4069,18318088.0,321.0
ASH,sp400,3266,0.99,0.3982,0.2007,0.011,2.023,46720273.0,217.0
ATI,sp400,3266,1.5682,0.2645,0.4313,0.0119,3.8292,43927337.0,226.0
ATR,sp400,3266,0.7429,0.3819,0.1559,0.0091,1.6637,23026706.0,292.0
AVAV,sp400,3266,1.0435,0.151,0.4081,0.0107,3.3054,17689331.0,329.0
AVNT,sp400,3266,1.429,0.4045,0.286,0.0153,2.6602,15652731.0,343.0
AVT,sp400,3266,1.1614,0.4443,0.2143,0.0025,2.2353,28471659.0,276.0
AVTR,sp400,1412,1.0695,0.2908,0.3393,0.0161,3.155,126580087.0,111.0
AXTA,sp400,2546,1.0739,0.352,0.2569,0.006,2.3775,64623144.0,182.0
AYI,sp400,3266,1.17,0.299,0.2955,0.0011,2.5799,65287728.0,181.0
BAH,sp400,3266,0.69,0.1803,0.2427,0.0081,2.0426,49292398.0,208.0
BBWI,sp400,3266,1.2958,0.2182,0.4046,0.0156,3.1994,124563767.0,113.0
BC,sp400,3266,1.3916,0.3824,0.2917,0.0057,2.8166,43588835.0,228.0
BCO,sp400,3266,1.1378,0.2832,0.2986,0.008,2.5754,17712589.0,328.0
BDC,sp400,3266,1.3774,0.3417,0.3153,0.0041,2.7862,19394770.0,314.0
BHF,sp400,1874,1.7152,0.4636,0.3505,0.0001,3.3715,36457525.0,242.0
BILL,sp400,1267,1.6064,0.2107,0.6532,0.0159,5.6522,215436272.0,67.0
BIO,sp400,3266,0.8597,0.2481,0.2469,0.0029,2.2686,52549064.0,198.0
BJ,sp400,1634,0.5583,0.0846,0.3628,0.0326,3.0942,91177517.0,137.0
BKH,sp400,3266,0.7915,0.2796,0.2096,0.0352,1.9607,17044962.0,333.0
BMRN,sp400,3266,1.0008,0.1911,0.3396,0.006,2.9862,115731597.0,117.0
BRKR,sp400,3266,1.1519,0.3239,0.2745,0.0068,2.8162,30981918.0,265.0
BROS,sp400,825,1.6356,0.1891,0.5841,0.0221,5.2627,71905012.0,166.0
BRX,sp400,2807,1.0024,0.2706,0.2815,0.0081,2.3748,35356888.0,250.0
BSY,sp400,1071,1.2958,0.2937,0.3308,0.0045,3.4597,48046030.0,212.0
BURL,sp400,2827,1.1251,0.2261,0.3554,0.017,3.0886,139832388.0,100.0
BWA,sp400,3266,1.1893,0.3609,0.261,0.0064,2.5438,78111108.0,158.0
BWXT,sp400,3266,0.7438,0.2171,0.2329,0.0079,2.0279,28958463.0,274.0
BYD,sp400,3266,1.5459,0.3219,0.3701,0.0287,3.3346,36987202.0,241.0
CACI,sp400,3266,0.8441,0.2825,0.2219,0.0058,2.0673,31904464.0,261.0
CAR,sp400,3266,1.8681,0.231,0.5622,0.0006,4.4943,91368015.0,136.0
CART,sp400,320,1.1687,0.1,0.4373,0.0142,4.3693,119900665.0,115.0
CAVA,sp400,385,1.8204,0.1516,0.5259,0.0565,5.0022,199800933.0,72.0
CBSH,sp400,3266,0.927,0.3908,0.1909,0.0032,1.9921,21593862.0,298.0
CBT,sp400,3266,1.3116,0.4149,0.2569,0.0079,2.4931,16461950.0,341.0
CCK,sp400,3266,1.0076,0.379,0.2127,0.0019,2.0676,68686775.0,170.0
CDE,sp400,3266,1.18,0.0852,0.6379,0.0313,5.2708,28379567.0,277.0
CDP,sp400,3266,0.839,0.2991,0.2118,0.0154,2.0788,14839615.0,347.0
CELH,sp400,3266,1.2159,0.036,1.038,0.026,7.4157,52208345.0,199.0
CFR,sp400,3266,1.1223,0.3602,0.2467,0.0023,2.3006,31736948.0,262.0
CG,sp400,3182,1.3377,0.402,0.2711,0.0072,2.9735,36217224.0,243.0
CGNX,sp400,3266,1.3869,0.3744,0.2957,0.0031,2.773,41393072.0,235.0
CHDN,sp400,3266,1.2575,0.3829,0.2633,0.0033,2.5424,26210143.0,283.0
CHE,sp400,3266,0.734,0.2343,0.2189,0.0029,2.0645,29486311.0,271.0
CHH,sp400,3266,0.9423,0.3447,0.2143,0.0065,2.0832,23505366.0,290.0
CHRD,sp400,3266,2.0423,0.0353,1.7602,0.0242,5.2487,51697735.0,202.0
CHWY,sp400,1393,1.172,0.1405,0.5912,0.0235,5.4164,194376520.0,75.0
CLF,sp400,3266,1.5807,0.1549,0.6091,0.005,5.2315,164646244.0,87.0
CLH,sp400,3266,1.1401,0.3001,0.2872,0.0264,2.3905,32138112.0,258.0
CMC,sp400,3266,1.3141,0.3401,0.3019,0.0067,3.0634,26395687.0,282.0
CNH,sp400,2829,1.1946,0.3337,0.2882,0.0007,2.0389,35717540.0,247.0
CNM,sp400,863,1.1393,0.2288,0.3549,0.0236,3.3428,56875499.0,191.0
CNO,sp400,3266,1.3598,0.462,0.242,0.0015,2.4213,18335370.0,320.0
CNX,sp400,3266,0.9898,0.1043,0.4785,0.007,4.1826,68081874.0,171.0
COKE,sp400,3266,0.766,0.1343,0.3208,0.019,2.7045,13098453.0,361.0
COLB,sp400,3266,1.1586,0.3098,0.2853,0.0036,2.6559,13094958.0,362.0
COLM,sp400,3266,0.9852,0.2804,0.2603,0.001,2.4392,20899108.0,305.0
CPRI,sp400,3266,1.3994,0.1833,0.4872,0.0173,3.3165,148131173.0,96.0
CR,sp400,439,1.2592,0.2437,0.27,0.0143,2.6191,30460179.0,267.0
CRBG,sp400,572,1.1699,0.2882,0.2718,0.005,2.7091,65928155.0,177.0
CROX,sp400,3266,1.4368,0.2067,0.4643,0.0085,3.8667,67047229.0,174.0
CRS,sp400,3266,1.5487,0.3358,0.3593,0.0005,3.4183,19510279.0,313.0
CRUS,sp400,3266,1.3423,0.2511,0.3824,0.0132,3.1684,51027727.0,205.0
CSL,sp400,3266,1.0124,0.3929,0.2076,0.0058,2.0038,52659383.0,197.0
CTRE,sp400,2663,0.9382,0.1717,0.3582,0.051,2.6948,11903989.0,370.0
CUBE,sp400,3266,0.7022,0.2298,0.2121,0.0046,2.0684,34270287.0,254.0
CUZ,sp400,3266,1.0314,0.3682,0.2229,0.0049,2.2474,21209364.0,302.0
CVLT,sp400,3266,1.0237,0.2193,0.3186,0.0029,2.7414,27363903.0,279.0
CW,sp400,3266,1.1255,0.4496,0.2054,0.0044,2.0893,25820223.0,285.0
CXT,sp400,3266,1.2076,0.4557,0.2177,0.0032,2.196,19797311.0,311.0
CYTK,sp400,3266,1.1016,0.0627,0.7026,0.008,5.4737,24342054.0,289.0
DAR,sp400,3266,1.1379,0.2743,0.3053,0.0029,2.8594,46331973.0,220.0
DBX,sp400,1701,1.0085,0.2437,0.3467,0.0049,3.1184,101985817.0,125.0
DCI,sp400,3266,1.0159,0.4671,0.179,0.0024,1.868,21439386.0,300.0
DINO,sp400,3266,1.1018,0.1914,0.3736,0.0097,3.4281,82011206.0,151.0
DKS,sp400,3266,1.1235,0.2045,0.3655,0.0054,2.9904,104977693.0,123.0
DLB,sp400,3266,0.8998,0.3125,0.2201,0.0014,1.9472,23425884.0,291.0
DOCN,sp400,946,2.2018,0.2857,0.5757,0.0059,5.4726,73944313.0,162.0
DOCS,sp400,882,1.5818,0.1476,0.6412,0.0378,5.0095,82005648.0,152.0
DOCU,sp400,1677,1.3151,0.186,0.5379,0.0311,4.3056,375044703.0,40.0
DT,sp400,1360,1.2683,0.2904,0.4073,0.0151,3.962,114462518.0,118.0
DTM,sp400,877,0.7309,0.2536,0.212,0.0041,2.2105,34480200.0,252.0
DUOL,sp400,859,1.5883,0.1703,0.5961,0.0473,5.2419,90682287.0,138.0
DY,sp400,3266,1.4645,0.2304,0.4415,0.0126,3.4735,31704879.0,263.0
EEFT,sp400,3266,1.1964,0.3215,0.2867,0.0012,2.6787,34842413.0,251.0
EGP,sp400,3266,0.9736,0.4323,0.184,0.0103,1.911,21209086.0,303.0
EHC,sp400,3266,0.8447,0.2637,0.2328,0.0151,2.2527,34407631.0,253.0
ELAN,sp400,1576,1.0483,0.2398,0.3745,0.0163,3.3749,105733557.0,122.0
ELF,sp400,2078,1.115,0.1492,0.4846,0.0076,4.03,59889291.0,187.0
ELS,sp400,3266,0.6965,0.2556,0.1961,0.0221,1.8604,37574023.0,240.0
ENS,sp400,3266,1.3379,0.4348,0.2516,0.0007,2.4667,17852963.0,326.0
ENSG,sp400,3266,1.031,0.2445,0.2989,0.0184,2.8603,13864096.0,355.0
ENTG,sp400,3266,1.5248,0.4376,0.2851,0.0038,3.0298,60735854.0,186.0
EPR,sp400,3266,1.154,0.2449,0.3342,0.0056,2.2696,17047482.0,332.0
EQH,sp400,1668,1.4399,0.519,0.2716,0.0027,2.7199,73022238.0,164.0
ESAB,sp400,690,1.1343,0.319,0.2839,0.0046,2.939,20551677.0,306.0
ESNT,sp400,2806,1.1577,0.2548,0.3387,0.071,2.66,21518257.0,299.0
EVR,sp400,3266,1.3847,0.4497,0.2526,0.0034,2.6702,31944381.0,260.0
EWBC,sp400,3266,1.2978,0.3818,0.2724,0.0013,2.5759,40164713.0,238.0
EXEL,sp400,3266,1.0511,0.096,0.5319,0.0052,4.0224,45983036.0,222.0
EXLS,sp400,3266,1.0091,0.3233,0.2408,0.0155,2.4299,14699176.0,350.0
EXP,sp400,3266,1.376,0.4029,0.2763,0.0018,2.7945,48743939.0,210.0
EXPO,sp400,3266,0.8725,0.2825,0.2293,0.0109,2.3244,11451730.0,372.0
FAF,sp400,3266,0.9229,0.3178,0.2231,0.0194,2.117,25563172.0,287.0
FBIN,sp400,3266,1.2739,0.4334,0.2403,0.0023,2.4361,65469527.0,179.0
FCFS,sp400,3266,0.901,0.2331,0.2696,0.0145,2.6014,14794599.0,348.0
FCN,sp400,3266,0.5769,0.0916,0.2996,0.0502,2.2939,25775145.0,286.0
FFIN,sp400,3266,1.0617,0.3322,0.2483,0.0135,2.5952,10796560.0,375.0
FHI,sp400,3266,1.1576,0.3723,0.2479,0.003,2.3801,16708711.0,338.0
FHN,sp400,3266,1.1872,0.2911,0.3056,0.0165,2.4464,53365264.0,195.0
FIVE,sp400,3129,1.268,0.2359,0.3793,0.0071,3.3845,92805572.0,133.0
FLG,sp400,3266,0.9077,0.1492,0.3575,0.0027,2.4895,48827786.0,209.0
FLR,sp400,3266,1.3709,0.2126,0.4352,0.0197,3.0969,66759554.0,175.0
FLS,sp400,3266,1.2358,0.3855,0.2573,0.0096,2.4305,46032640.0,221.0
FN,sp400,3266,1.1858,0.207,0.3829,0.0018,3.1592,22950590.0,293.0
FNB,sp400,3266,1.1843,0.3711,0.2543,0.01,2.3395,17966975.0,325.0
FND,sp400,1929,1.499,0.33,0.4008,0.0026,3.8406,88735277.0,141.0
FNF,sp400,3266,0.888,0.3197,0.2136,0.0314,2.047,46732088.0,216.0
FOUR,sp400,1147,1.7571,0.2586,0.4993,0.0044,5.1261,79963024.0,156.0
FR,sp400,3266,0.9447,0.4318,0.1788,0.0047,1.9427,25938761.0,284.0
FTI,sp400,3266,1.3265,0.2465,0.3825,0.0278,3.117,88904272.0,140.0
AAMI,sp600,2570,1.2652,0.3314,0.3159,0.009,2.9812,7411909.0,401.0
AAP,sp600,3266,0.9227,0.1756,0.3298,0.0044,2.5374,125701785.0,112.0
AAT,sp600,3266,0.9586,0.3069,0.2376,0.0089,2.2026,6040663.0,416.0
ABCB,sp600,3266,1.2001,0.3317,0.281,0.0137,2.8513,10226500.0,376.0
ABG,sp600,3266,1.2995,0.2928,0.3331,0.0039,3.1997,24532373.0,288.0
ABM,sp600,3266,0.9926,0.2907,0.2557,0.0041,2.2557,12462062.0,366.0
ABR,sp600,3266,0.9374,0.1852,0.3243,0.0587,2.5267,10176312.0,377.0
ACA,sp600,1544,1.1543,0.3321,0.3284,0.0055,3.092,14760224.0,349.0
ACAD,sp600,3266,1.2021,0.0798,0.6734,0.005,4.875,44800900.0,224.0
ACHC,sp600,3266,1.1375,0.1973,0.3784,0.0281,3.3705,35958344.0,244.0
ACIW,sp600,3266,1.1648,0.342,0.2665,0.0114,2.7738,17395219.0,331.0
ACLS,sp600,3266,1.7053,0.301,0.4286,0.0065,4.3601,17969354.0,324.0
ACMR,sp600,1797,1.6512,0.1463,0.7718,0.0367,6.3244,16738104.0,336.0
ACT,sp600,824,0.7016,0.2221,0.2265,0.0121,2.4441,5803497.0,419.0
ADAM,sp600,3266,0.9159,0.115,0.4192,0.164,2.4413,4136259.0,431.0
ADEA,sp600,3266,1.0635,0.1809,0.3733,0.0074,3.2019,7225476.0,405.0
ADMA,sp600,2816,0.866,0.0502,0.6433,0.1302,5.5708,7587905.0,399.0
ADNT,sp600,2061,1.7535,0.2743,0.5207,0.0031,4.1935,41613337.0,234.0
ADT,sp600,1745,1.0893,0.1846,0.4488,0.0227,3.7131,22491365.0,295.0
ADUS,sp600,3266,0.8618,0.1036,0.4182,0.0224,3.7512,6294449.0,413.0
AEO,sp600,3266,1.1637,0.1821,0.4068,0.0119,3.472,68022534.0,172.0
AESI,sp600,453,0.8256,0.0716,0.3662,0.0297,3.5088,14314081.0,353.0
AGNT,sp600,1732,1.5183,0.1756,0.6414,0.013,5.9719,18659162.0,317.0
AGO,sp600,3266,1.1393,0.3005,0.2867,0.0091,2.4184,26418016.0,281.0
AGX,sp600,3266,0.8446,0.1332,0.3554,0.0313,3.0376,5067161.0,425.0
AGYS,sp600,3266,1.0568,0.1741,0.3797,0.003,3.6185,4437431.0,429.0
AHCO,sp600,1654,0.7146,0.0644,0.5351,0.0192,4.1702,13513088.0,359.0
AIN,sp600,3266,1.1298,0.3235,0.2695,0.0056,2.4986,7940355.0,396.0
AIR,sp600,3266,1.341,0.27,0.3637,0.0356,2.9474,9386354.0,388.0
AKR,sp600,3266,0.9438,0.2646,0.2595,0.0063,2.2731,9642185.0,384.0
ALG,sp600,3266,0.9868,0.2612,0.2737,0.0102,2.5861,5267964.0,423.0
ALGT,sp600,3266,1.2717,0.2361,0.3773,0.0131,3.4706,21407555.0,301.0
ALHC,sp600,944,1.1388,0.0802,0.6385,0.0172,5.8551,8740081.0,391.0
ALKS,sp600,3266,0.967,0.1304,0.4118,0.0005,3.5569,42366349.0,231.0
ALRM,sp600,2391,1.0296,0.215,0.3525,0.0133,3.3161,18308954.0,322.0
AMN,sp600,3266,0.8409,0.0991,0.4181,0.0295,3.3895,28284196.0,278.0
AMPH,sp600,2644,0.7598,0.0987,0.4004,0.0423,3.4694,7848300.0,398.0
AMR,sp600,977,0.9357,0.0614,0.6046,0.0404,5.4219,48575091.0,211.0
AMRX,sp600,1671,1.2345,0.124,0.6422,0.0389,5.4575,8137618.0,395.0
AMSF,sp600,3266,0.7122,0.2016,0.2338,0.0236,2.378,2583759.0,441.0
ANDE,sp600,3266,0.9511,0.1499,0.3735,0.031,3.1769,6627890.0,410.0
ANIP,sp600,3266,1.1559,0.0989,0.5755,0.0264,4.9062,7207634.0,406.0
AORT,sp600,3266,1.1385,0.2001,0.3755,0.0068,3.4349,3141702.0,438.0
AOSL,sp600,3266,1.4578,0.2083,0.4688,0.012,4.033,4859728.0,427.0
APAM,sp600,2972,1.3002,0.4381,0.248,0.0067,2.6904,9403107.0,387.0
APLE,sp600,2419,1.1059,0.3237,0.2855,0.0098,2.3312,18599937.0,318.0
APOG,sp600,3266,1.3646,0.3097,0.336,0.0056,3.0041,7234984.0,404.0
ARCB,sp600,3266,1.3884,0.2124,0.441,0.0071,4.0048,14311089.0,354.0
ARLO,sp600,1609,1.5069,0.1488,0.7166,0.0258,5.5913,7565802.0,400.0
AROC,sp600,3266,1.4181,0.174,0.5097,0.0482,3.8624,9958553.0,381.0
ARR,sp600,3266,0.9177,0.2215,0.2838,0.0297,2.0812,7086048.0,407.0
ASO,sp600,1064,1.247,0.2002,0.4098,0.0158,4.1263,81286760.0,155.0
ASTE,sp600,3266,1.1226,0.2265,0.3422,0.0053,3.1232,5315382.0,422.0
ASTH,sp600,3266,0.6534,0.0031,1.9376,0.0984,4.7138,4915972.0,426.0
ATEN,sp600,2710,1.0244,0.1284,0.4614,0.0148,3.4876,5686121.0,421.0
ATMU,sp600,398,0.9907,0.1442,0.2935,0.0354,3.1401,35421018.0,249.0
AUB,sp600,3266,1.0612,0.2896,0.2742,0.0067,2.6933,6885402.0,409.0
AVA,sp600,3266,0.6109,0.1823,0.2134,0.0078,1.7376,12776725.0,364.0
AWI,sp600,3266,1.0693,0.3463,0.2423,0.0039,2.3617,28850503.0,275.0
AWR,sp600,3266,0.6804,0.1943,0.2286,0.0463,2.0906,10131679.0,378.0
AX,sp600,3266,1.3281,0.2532,0.3762,0.001,3.2815,17713355.0,327.0
AZTA,sp600,3266,1.4608,0.3028,0.3656,0.003,3.3855,21786227.0,297.0
AZZ,sp600,3266,1.1093,0.2772,0.2955,0.0076,2.6034,6542193.0,411.0
BANC,sp600,3266,1.107,0.2089,0.3553,0.0142,3.0142,8138341.0,394.0
BANF,sp600,3266,1.0162,0.2703,0.2754,0.0318,2.5269,3825766.0,434.0
BANR,sp600,3266,1.1569,0.3407,0.2655,0.0076,2.6697,6394630.0,412.0
BBT,sp600,3266,1.0879,0.2809,0.2871,0.023,2.476,4592117.0,428.0
BCC,sp600,2992,1.3406,0.29,0.3527,0.0018,3.2753,13790062.0,356.0
BCPC,sp600,3266,0.9034,0.2566,0.2536,0.0092,2.574,10083902.0,380.0
BFAM,sp600,3000,0.949,0.2406,0.2832,0.006,2.3939,30861297.0,266.0
BFH,sp600,3266,1.4557,0.2912,0.3746,0.0026,3.0143,87969501.0,145.0
BFS,sp600,3266,1.0162,0.3075,0.2515,0.0087,2.4402,1220303.0,443.0
BGC,sp600,3266,1.2323,0.2579,0.3448,0.0089,3.146,11463264.0,371.0
BHE,sp600,3266,1.0503,0.2736,0.2823,0.002,2.4226,6123957.0,414.0
BJRI,sp600,3266,1.3772,0.205,0.4473,0.0288,3.643,14634002.0,352.0
BKE,sp600,3266,1.0007,0.1689,0.3661,0.0156,3.3275,7337516.0,403.0
BKU,sp600,3266,1.2038,0.2974,0.3052,0.0091,2.5817,19585666.0,312.0
BL,sp600,2052,1.1747,0.2334,0.3894,0.0078,3.6747,33851950.0,255.0
BLFS,sp600,3266,1.2655,0.0416,1.0024,0.0342,6.5421,4022106.0,433.0
BLKB,sp600,3266,1.0751,0.281,0.2837,0.0019,2.7817,16683121.0,339.0
BMI,sp600,3266,1.08,0.3291,0.2543,0.0028,2.4185,9895572.0,382.0
BNL,sp600,1075,0.715,0.2481,0.2055,0.0037,2.2392,14685807.0,351.0
BOH,sp600,3266,0.9897,0.3072,0.2451,0.0037,2.1638,13607602.0,358.0
BOOT,sp600,2555,1.5013,0.187,0.5509,0.0249,4.7993,31263348.0,264.0
BOX,sp600,2498,1.0191,0.1868,0.376,0.0038,3.2817,42277410.0,232.0
BRC,sp600,3266,0.9255,0.3104,0.2275,0.0096,2.1331,9426757.0,386.0
BTU,sp600,1946,1.126,0.0712,0.7605,0.1255,5.8521,56727507.0,192.0
BXMT,sp600,3266,0.9445,0.2172,0.2957,0.04,2.3015,15490817.0,345.0
CACC,sp600,3266,1.1275,0.2261,0.344,0.0204,3.1654,35719733.0,246.0
CAG,sp600,3266,0.4586,0.1005,0.2264,0.0036,1.8073,95192121.0,128.0
CAKE,sp600,3266,1.1822,0.2461,0.3413,0.0079,2.8882,33522216.0,256.0
CALM,sp600,3266,0.4736,0.0648,0.2967,0.0052,2.6883,17659845.0,330.0
CALX,sp600,3266,1.3153,0.1653,0.4875,0.0074,3.9705,12331235.0,368.0
CALY,sp600,3266,1.2615,0.2413,0.369,0.0152,3.0814,22106057.0,296.0
CARG,sp600,1812,1.3486,0.25,0.4504,0.0055,4.0924,30288457.0,269.0
CASH,sp600,3266,1.0748,0.2137,0.3401,0.0324,2.9104,5950245.0,418.0
CATY,sp600,3266,1.2417,0.4128,0.2443,0.0022,2.5165,9862792.0,383.0
CBRL,sp600,3266,0.9772,0.2122,0.3105,0.0125,2.6158,32234511.0,257.0
CBU,sp600,3266,0.9341,0.3157,0.2268,0.0032,2.2066,9191717.0,389.0
CC,sp600,2396,1.7028,0.2506,0.5277,0.0083,4.4359,41070788.0,236.0
CCOI,sp600,3266,0.7905,0.1791,0.2792,0.0051,2.7165,12361134.0,367.0
CCS,sp600,2649,1.464,0.3026,0.3873,0.0065,3.5727,12023808.0,369.0
CE,sp600,3266,1.243,0.3989,0.2517,0.0018,2.3707,83228371.0,149.0
CENT,sp600,3266,0.7593,0.121,0.3376,0.0373,2.9172,2679930.0,440.0
CENTA,sp600,3266,0.7915,0.1324,0.3342,0.0382,3.0932,6058134.0,415.0
CENX,sp600,3266,1.8305,0.1887,0.6261,0.0145,5.5439,19072132.0,315.0
CERT,sp600,1015,1.3375,0.1617,0.5002,0.0045,4.6973,16974537.0,335.0
CFFN,sp600,3266,0.6875,0.2264,0.2096,0.0163,1.9664,4095271.0,432.0
CHCO,sp600,3266,0.8345,0.2913,0.2147,0.0124,2.2281,3279458.0,436.0
CHEF,sp600,3266,1.5073,0.1843,0.5231,0.0462,4.0214,6983812.0,408.0
CLSK,sp600,2039,1.4307,0.0302,1.4854,0.0354,8.8864,74250174.0,161.0
CNK,sp600,3266,1.0607,0.1342,0.4444,0.0235,3.2625,40232522.0,237.0
CNMD,sp600,3266,1.1299,0.2884,0.2927,0.0142,2.7448,18170932.0,323.0
CNR,sp600,1789,1.1885,0.1123,0.6479,0.0151,5.5888,22797109.0,294.0
CNS,sp600,3266,1.2461,0.4238,0.2397,0.0038,2.4914,5762821.0,420.0
CNXC,sp600,1027,1.0761,0.1759,0.3812,0.0019,3.4349,31948903.0,259.0
CNXN,sp600,3266,0.8633,0.1548,0.3327,0.0027,3.007,2109465.0,442.0
COCO,sp600,799,1.1904,0.1253,0.5458,0.0164,4.9575,11246378.0,373.0
COHU,sp600,3266,1.511,0.2954,0.3849,0.0068,3.6846,5968318.0,417.0
COLL,sp600,2426,1.0411,0.0993,0.5592,0.0031,5.2377,7859980.0,397.0
CORT,sp600,3266,1.0435,0.0798,0.5845,0.0146,4.7764,13741782.0,357.0
COTY,sp600,2904,1.2312,0.1758,0.4515,0.0038,3.4577,62792446.0,183.0
CPB,sp600,3266,0.3544,0.0671,0.2179,0.013,1.808,79478661.0,157.0
CPF,sp600,3266,1.0455,0.2865,0.2721,0.0112,2.4582,2703726.0,439.0
CPK,sp600,3266,0.7085,0.2004,0.2334,0.032,2.2813,5118373.0,424.0
CRC,sp600,1046,0.9432,0.1242,0.4104,0.0194,3.7902,29766779.0,270.0
CRGY,sp600,766,0.9769,0.1254,0.451,0.0399,4.2759,13068490.0,363.0
CRI,sp600,3266,0.9308,0.2521,0.2645,0.0038,2.504,46585020.0,219.0
CRK,sp600,3266,1.3008,0.0676,0.797,0.0143,6.2691,18970849.0,316.0
CRSR,sp600,1071,1.5587,0.2324,0.4664,0.0093,4.5016,29017232.0,273.0
CRVL,sp600,3266,0.9852,0.2611,0.2734,0.0429,2.9174,4242232.0,430.0
CSR,sp600,3266,0.7546,0.2083,0.2426,0.0111,2.324,3253102.0,437.0
CSW,sp600,2325,0.9211,0.3042,0.2483,0.019,2.7324,8160825.0,393.0
CTS,sp600,3266,1.0934,0.2865,0.2846,0.0066,2.6974,3489038.0,435.0
CUBI,sp600,3217,1.2987,0.214,0.4127,0.003,3.1296,7386102.0,402.0
CVBF,sp600,3266,0.9692,0.2825,0.2548,0.0003,2.478,8897471.0,390.0
CVCO,sp600,3266,1.401,0.3085,0.346,0.0081,3.3817,9518397.0,385.0
CVI,sp600,3266,1.2539,0.1656,0.4643,0.0054,3.9803,12700622.0,365.0
CVSA,sp600,3266,0.853,0.1228,0.376,0.028,2.9053,20437568.0,307.0
CWEN,sp600,2420,0.8236,0.1812,0.3126,0.0187,2.8579,13102530.0,360.0
CWK,sp600,1610,1.3982,0.3315,0.3946,0.0302,3.6441,18428507.0,319.0
CWST,sp600,3266,0.87,0.2018,0.2853,0.02,2.9907,10096603.0,379.0
CWT,sp600,3266,0.6855,0.1914,0.2324,0.0641,2.1482,8604998.0,392.0
CXM,sp600,883,1.4636,0.196,0.4997,0.0253,4.4002,16327285.0,342.0
CXW,sp600,3266,1.0165,0.1487,0.4012,0.0309,3.0453,16721475.0,337.0
